<?xml version="1.0"?>
<pagescount>
	<html_total>243</html_total>
	<html_done>7</html_done>
	<images>122</images>
	<script>15</script>
	<css>6</css>
	<pdf/>
	<documents/>
	<excel/>
	<powerpoint/>
	<flash/>
	<audios/>
	<videos>1</videos>
	<xml/>
	<json/>
	<txt/>
	<autocad/>
	<model_3d/>
	<fonts>35</fonts>
	<scraping_reload>1</scraping_reload>
	<is_pretty_url>false</is_pretty_url>
	<has_trailing_slash>false</has_trailing_slash>
	<is_ebn>false</is_ebn>
	<email>saiyeda.z.saiyed@gmail.com</email>
	<theme_name>WmdTheme900226</theme_name>
	<server_url_front_page>https://www6.waybackmachinedownloader.com/wdo/files/demo/shoprocket.io_saiyeda.z.saiyed_gmail.com_d53kbv6ys9/</server_url_front_page>
	<no_www_url>shoprocket.io</no_www_url>
	<hosted_domain/>
	<original_archive_url>https://shoprocket.io/</original_archive_url>
	<final_archive_url>https://shoprocket.io/</final_archive_url>
	<front_page_code_date/>
	<total_urls_from_api/>
	<max_reached_live>false</max_reached_live>
	<scrape_other_captures>false</scrape_other_captures>
	<total_size>29624</total_size>
</pagescount>
